image,mean,std,entropy,min,max
1075646,110.55983109085649,67.390586792792,7.347359838197092,0,255
4.1.01,58.80226135253906,39.73383669745172,7.0525306595828825,1,234
6.1.01,87.26846313476562,54.235754810904524,7.204446685904743,6,253
6.2.28,107.36807250976562,42.90608487223114,7.354140220418464,14,255
motion01.512,196.29497146606445,21.4322204611649,6.142186484757563,127,255
WhatsApp Görsel 2025-11-02 saat 22.48.42_396daa0f,170.8563713649156,101.50849543077231,6.185178457092439,0,255
